"","name","description"
"1","ensembl_gene_id","Ensembl Gene ID"
"2","ensembl_transcript_id","Ensembl Transcript ID"
"3","ensembl_peptide_id","Ensembl Protein ID"
"4","ensembl_exon_id","Ensembl Exon ID"
"5","description","Description"
"6","chromosome_name","Chromosome Name"
"7","start_position","Gene Start (bp)"
"8","end_position","Gene End (bp)"
"9","strand","Strand"
"10","band","Band"
"11","transcript_start","Transcript Start (bp)"
"12","transcript_end","Transcript End (bp)"
"13","transcription_start_site","Transcription Start Site (TSS)"
"14","transcript_length","Transcript length"
"15","transcript_tsl","Transcript Support Level (TSL)"
"16","transcript_gencode_basic","GENCODE basic annotation"
"17","transcript_appris_pi","APPRIS principal isoform annotation"
"18","external_gene_name","Associated Gene Name"
"19","external_gene_source","Associated Gene Source"
"20","external_transcript_name","Associated Transcript Name"
"21","external_transcript_source_name","Associated Transcript Source"
"22","transcript_count","Transcript count"
"23","percentage_gc_content","% GC content"
"24","gene_biotype","Gene type"
"25","transcript_biotype","Transcript type"
"26","source","Source (gene)"
"27","transcript_source","Source (transcript)"
"28","status","Status (gene)"
"29","transcript_status","Status (transcript)"
"30","version","Version (gene)"
"31","transcript_version","Version (transcript)"
"32","go_id","GO Term Accession"
"33","name_1006","GO Term Name"
"34","definition_1006","GO Term Definition"
"35","go_linkage_type","GO Term Evidence Code"
"36","namespace_1003","GO domain"
"37","goslim_goa_accession","GOSlim GOA Accession(s)"
"38","goslim_goa_description","GOSlim GOA Description"
"39","ec_number","EC number(s)"
"40","embl","EMBL (Genbank) ID"
"41","entrezgene","EntrezGene ID"
"42","merops","MEROPS ID"
"43","pdb","PDB ID"
"44","protein_id","Protein (Genbank) ID"
"45","refseq_dna","RefSeq DNA ID [e.g. NM_203373]"
"46","refseq_mrna","RefSeq mRNA [e.g. NM_001195597]"
"47","refseq_peptide","RefSeq Protein ID [e.g. NP_001005353]"
"48","sgd_gene","SGD Gene"
"49","sgd_transcript","SGD Transcript"
"50","uniparc","UniParc"
"51","uniprot_sptrembl","UniProt/TrEMBL Accession"
"52","uniprot_swissprot","UniProt/SwissProt ID"
"53","uniprot_swissprot_accession","UniProt/SwissProt Accession"
"54","wikigene_name","WikiGene Name"
"55","wikigene_id","WikiGene ID"
"56","wikigene_description","WikiGene Description"
"57","affy_yeast_2","Affy yeast 2 probeset"
"58","affy_yg_s98","Affy yg s98 probeset"
"59","family","Ensembl Protein Family ID(s)"
"60","family_description","Ensembl Family Description"
"61","pirsf","PIRSF SuperFamily ID"
"62","superfamily","Superfamily ID"
"63","smart","SMART ID"
"64","profile","PROFILE ID"
"65","prosite","PROSITE ID"
"66","prints","PRINTS ID"
"67","pfam","PFAM ID"
"68","tigrfam","TIGRFam ID"
"69","gene3d","Gene3D ID"
"70","hmmpanther","HMMPanther ID"
"71","interpro","Interpro ID"
"72","interpro_short_description","Interpro Short Description"
"73","interpro_description","Interpro Description"
"74","low_complexity","Low complexity"
"75","transmembrane_domain","Transmembrane domain"
"76","signal_domain","Signal domain"
"77","ncoils","Ncoils"
"78","ensembl_gene_id","Ensembl Gene ID"
"79","ensembl_transcript_id","Ensembl Transcript ID"
"80","ensembl_peptide_id","Ensembl Protein ID"
"81","chromosome_name","Chromosome Name"
"82","start_position","Gene Start (bp)"
"83","end_position","Gene End (bp)"
"84","transcript_start","Transcript Start (bp)"
"85","transcript_end","Transcript End (bp)"
"86","transcription_start_site","Transcription Start Site (TSS)"
"87","transcript_length","Transcript length"
"88","strand","Strand"
"89","external_gene_name","Associated Gene Name"
"90","external_gene_source","Associated Gene Source"
"91","5_utr_start","5' UTR Start"
"92","5_utr_end","5' UTR End"
"93","3_utr_start","3' UTR Start"
"94","3_utr_end","3' UTR End"
"95","cds_length","CDS Length"
"96","transcript_count","Transcript count"
"97","description","Description"
"98","gene_biotype","Gene type"
"99","exon_chrom_start","Exon Chr Start (bp)"
"100","exon_chrom_end","Exon Chr End (bp)"
"101","is_constitutive","Constitutive Exon"
"102","rank","Exon Rank in Transcript"
"103","phase","phase"
"104","cdna_coding_start","cDNA coding start"
"105","cdna_coding_end","cDNA coding end"
"106","genomic_coding_start","Genomic coding start"
"107","genomic_coding_end","Genomic coding end"
"108","ensembl_exon_id","Ensembl Exon ID"
"109","cds_start","CDS Start"
"110","cds_end","CDS End"
"111","ensembl_gene_id","Ensembl Gene ID"
"112","ensembl_transcript_id","Ensembl Transcript ID"
"113","ensembl_peptide_id","Ensembl Protein ID"
"114","chromosome_name","Chromosome Name"
"115","start_position","Gene Start (bp)"
"116","end_position","Gene End (bp)"
"117","strand","Strand"
"118","band","Band"
"119","external_gene_name","Associated Gene Name"
"120","external_gene_source","Associated Gene Source"
"121","transcript_count","Transcript count"
"122","percentage_gc_content","% GC content"
"123","description","Description"
"124","vpacos_homolog_ensembl_gene","Alpaca Ensembl Gene ID"
"125","vpacos_homolog_canonical_transcript_protein","Canonical Protein or Transcript ID"
"126","vpacos_homolog_ensembl_peptide","Alpaca Ensembl Protein ID"
"127","vpacos_homolog_chromosome","Alpaca Chromosome Name"
"128","vpacos_homolog_chrom_start","Alpaca Chromosome Start (bp)"
"129","vpacos_homolog_chrom_end","Alpaca Chromosome End (bp)"
"130","vpacos_homolog_orthology_type","Homology Type"
"131","vpacos_homolog_subtype","Ancestor"
"132","vpacos_homolog_orthology_confidence","Orthology confidence [0 low, 1 high]"
"133","vpacos_homolog_perc_id","% Identity with respect to query gene"
"134","vpacos_homolog_perc_id_r1","% Identity with respect to Alpaca gene"
"135","pformosa_homolog_ensembl_gene","Amazon molly Ensembl Gene ID"
"136","pformosa_homolog_canonical_transcript_protein","Canonical Protein or Transcript ID"
"137","pformosa_homolog_ensembl_peptide","Amazon molly Ensembl Protein ID"
"138","pformosa_homolog_chromosome","Amazon molly Chromosome Name"
"139","pformosa_homolog_chrom_start","Amazon molly Chromosome Start (bp)"
"140","pformosa_homolog_chrom_end","Amazon molly Chromosome End (bp)"
"141","pformosa_homolog_orthology_type","Homology Type"
"142","pformosa_homolog_subtype","Ancestor"
"143","pformosa_homolog_orthology_confidence","Orthology confidence [0 low, 1 high]"
"144","pformosa_homolog_perc_id","% Identity with respect to query gene"
"145","pformosa_homolog_perc_id_r1","% Identity with respect to Amazon molly gene"
"146","acarolinensis_homolog_ensembl_gene","Anole Lizard Ensembl Gene ID"
"147","acarolinensis_homolog_canonical_transcript_protein","Canonical Protein or Transcript ID"
"148","acarolinensis_homolog_ensembl_peptide","Anole Lizard Ensembl Protein ID"
"149","acarolinensis_homolog_chromosome","Anole Lizard Chromosome Name"
"150","acarolinensis_homolog_chrom_start","Anole Lizard Chromosome Start (bp)"
"151","acarolinensis_homolog_chrom_end","Anole Lizard Chromosome End (bp)"
"152","acarolinensis_homolog_orthology_type","Homology Type"
"153","acarolinensis_homolog_subtype","Ancestor"
"154","acarolinensis_homolog_orthology_confidence","Orthology confidence [0 low, 1 high]"
"155","acarolinensis_homolog_perc_id","% Identity with respect to query gene"
"156","acarolinensis_homolog_perc_id_r1","% Identity with respect to Anole Lizard gene"
"157","acarolinensis_homolog_dn","dN"
"158","acarolinensis_homolog_ds","dS"
"159","dnovemcinctus_homolog_ensembl_gene","Armadillo Ensembl Gene ID"
"160","dnovemcinctus_homolog_canonical_transcript_protein","Canonical Protein or Transcript ID"
"161","dnovemcinctus_homolog_ensembl_peptide","Armadillo Ensembl Protein ID"
"162","dnovemcinctus_homolog_chromosome","Armadillo Chromosome Name"
"163","dnovemcinctus_homolog_chrom_start","Armadillo Chromosome Start (bp)"
"164","dnovemcinctus_homolog_chrom_end","Armadillo Chromosome End (bp)"
"165","dnovemcinctus_homolog_orthology_type","Homology Type"
"166","dnovemcinctus_homolog_subtype","Ancestor"
"167","dnovemcinctus_homolog_orthology_confidence","Orthology confidence [0 low, 1 high]"
"168","dnovemcinctus_homolog_perc_id","% Identity with respect to query gene"
"169","dnovemcinctus_homolog_perc_id_r1","% Identity with respect to Armadillo gene"
"170","dnovemcinctus_homolog_dn","dN"
"171","dnovemcinctus_homolog_ds","dS"
"172","gmorhua_homolog_ensembl_gene","Atlantic Cod Ensembl Gene ID"
"173","gmorhua_homolog_canonical_transcript_protein","Canonical Protein or Transcript ID"
"174","gmorhua_homolog_ensembl_protein","Atlantic Cod Ensembl Protein ID"
"175","gmorhua_homolog_chromosome","Atlantic Cod Chromosome Name"
"176","gmorhua_homolog_chrom_start","Atlantic Cod Chromosome Start (bp)"
"177","gmorhua_homolog_chrom_end","Atlantic Cod Chromosome End (bp)"
"178","gmorhua_homolog_orthology_type","Homology Type"
"179","gmorhua_homolog_subtype","Ancestor"
"180","gmorhua_homolog_orthology_confidence","Orthology confidence [0 low, 1 high]"
"181","gmorhua_homolog_perc_id","% Identity with respect to query gene"
"182","gmorhua_homolog_perc_id_r1","% Identity with respect to Atlantic Cod gene"
"183","ogarnettii_homolog_ensembl_gene","Bushbaby Ensembl Gene ID"
"184","ogarnettii_homolog_canonical_transcript_protein","Canonical Protein or Transcript ID"
"185","ogarnettii_homolog_ensembl_peptide","Bushbaby Ensembl Protein ID"
"186","ogarnettii_homolog_chromosome","Bushbaby Chromosome Name"
"187","ogarnettii_homolog_chrom_start","Bushbaby Chromosome Start (bp)"
"188","ogarnettii_homolog_chrom_end","Bushbaby Chromosome End (bp)"
"189","ogarnettii_homolog_orthology_type","Homology Type"
"190","ogarnettii_homolog_subtype","Ancestor"
"191","ogarnettii_homolog_orthology_confidence","Orthology confidence [0 low, 1 high]"
"192","ogarnettii_homolog_perc_id","% Identity with respect to query gene"
"193","ogarnettii_homolog_perc_id_r1","% Identity with respect to Bushbaby gene"
"194","ogarnettii_homolog_dn","dN"
"195","ogarnettii_homolog_ds","dS"
"196","celegans_homolog_chrom_start","Caenorhabditis elegans Chromosome Start (bp)"
"197","celegans_homolog_ensembl_gene","Caenorhabditis elegans Ensembl Gene ID"
"198","celegans_homolog_canonical_transcript_protein","Canonical Protein or Transcript ID"
"199","celegans_homolog_ensembl_peptide","Caenorhabditis elegans Ensembl Protein ID"
"200","celegans_homolog_chromosome","Caenorhabditis elegans Chromosome Name"
"201","celegans_homolog_chrom_end","Caenorhabditis elegans Chromosome End (bp)"
"202","celegans_homolog_orthology_type","Homology Type"
"203","celegans_homolog_subtype","Ancestor"
"204","celegans_homolog_orthology_confidence","Orthology confidence [0 low, 1 high]"
"205","celegans_homolog_perc_id","% Identity with respect to query gene"
"206","celegans_homolog_perc_id_r1","% Identity with respect to Caenorhabditis elegans gene"
"207","celegans_homolog_dn","dN"
"208","celegans_homolog_ds","dS"
"209","fcatus_homolog_ensembl_gene","Cat Ensembl Gene ID"
"210","fcatus_homolog_canonical_transcript_protein","Canonical Protein or Transcript ID"
"211","fcatus_homolog_ensembl_peptide","Cat Ensembl Protein ID"
"212","fcatus_homolog_chromosome","Cat Chromosome Name"
"213","fcatus_homolog_chrom_start","Cat Chromosome Start (bp)"
"214","fcatus_homolog_chrom_end","Cat Chromosome End (bp)"
"215","fcatus_homolog_orthology_type","Homology Type"
"216","fcatus_homolog_subtype","Ancestor"
"217","fcatus_homolog_orthology_confidence","Orthology confidence [0 low, 1 high]"
"218","fcatus_homolog_perc_id","% Identity with respect to query gene"
"219","fcatus_homolog_perc_id_r1","% Identity with respect to Cat gene"
"220","fcatus_homolog_dn","dN"
"221","fcatus_homolog_ds","dS"
"222","amexicanus_homolog_ensembl_gene","Cave fish Ensembl Gene ID"
"223","amexicanus_homolog_canonical_transcript_protein","Canonical Protein or Transcript ID"
"224","amexicanus_homolog_ensembl_peptide","Cave fish Ensembl Protein ID"
"225","amexicanus_homolog_chromosome","Cave fish Chromosome Name"
"226","amexicanus_homolog_chrom_start","Cave fish Chromosome Start (bp)"
"227","amexicanus_homolog_chrom_end","Cave fish Chromosome End (bp)"
"228","amexicanus_homolog_orthology_type","Homology Type"
"229","amexicanus_homolog_subtype","Ancestor"
"230","amexicanus_homolog_orthology_confidence","Orthology confidence [0 low, 1 high]"
"231","amexicanus_homolog_perc_id","% Identity with respect to query gene"
"232","amexicanus_homolog_perc_id_r1","% Identity with respect to Cave fish gene"
"233","ggallus_homolog_ensembl_gene","Chicken Ensembl Gene ID"
"234","ggallus_homolog_canonical_transcript_protein","Canonical Protein or Transcript ID"
"235","ggallus_homolog_ensembl_peptide","Chicken Ensembl Protein ID"
"236","ggallus_homolog_chromosome","Chicken Chromosome Name"
"237","ggallus_homolog_chrom_start","Chicken Chromosome Start (bp)"
"238","ggallus_homolog_chrom_end","Chicken Chromosome End (bp)"
"239","ggallus_homolog_orthology_type","Homology Type"
"240","ggallus_homolog_subtype","Ancestor"
"241","ggallus_homolog_orthology_confidence","Orthology confidence [0 low, 1 high]"
"242","ggallus_homolog_perc_id","% Identity with respect to query gene"
"243","ggallus_homolog_perc_id_r1","% Identity with respect to Chicken gene"
"244","ggallus_homolog_dn","dN"
"245","ggallus_homolog_ds","dS"
"246","ptroglodytes_homolog_ensembl_gene","Chimpanzee Ensembl Gene ID"
"247","ptroglodytes_homolog_canonical_transcript_protein","Canonical Protein or Transcript ID"
"248","ptroglodytes_homolog_ensembl_peptide","Chimpanzee Ensembl Protein ID"
"249","ptroglodytes_homolog_chromosome","Chimpanzee Chromosome Name"
"250","ptroglodytes_homolog_chrom_start","Chimpanzee Chromosome Start (bp)"
"251","ptroglodytes_homolog_chrom_end","Chimpanzee Chromosome End (bp)"
"252","ptroglodytes_homolog_orthology_type","Homology Type"
"253","ptroglodytes_homolog_subtype","Ancestor"
"254","ptroglodytes_homolog_orthology_confidence","Orthology confidence [0 low, 1 high]"
"255","ptroglodytes_homolog_perc_id","% Identity with respect to query gene"
"256","ptroglodytes_homolog_perc_id_r1","% Identity with respect to Chimpanzee gene"
"257","ptroglodytes_homolog_dn","dN"
"258","ptroglodytes_homolog_ds","dS"
"259","psinensis_homolog_ensembl_gene","Chinese softshell turtle Ensembl Gene ID"
"260","psinensis_homolog_canonical_transcript_protein","Canonical Protein or Transcript ID"
"261","psinensis_homolog_ensembl_peptide","Chinese softshell turtle Ensembl Protein ID"
"262","psinensis_homolog_chromosome","Chinese softshell turtle Chromosome Name"
"263","psinensis_homolog_chrom_start","Chinese softshell turtle Chromosome Start (bp)"
"264","psinensis_homolog_chrom_end","Chinese softshell turtle Chromosome End (bp)"
"265","psinensis_homolog_orthology_type","Homology Type"
"266","psinensis_homolog_subtype","Ancestor"
"267","psinensis_homolog_orthology_confidence","Orthology confidence [0 low, 1 high]"
"268","psinensis_homolog_perc_id","% Identity with respect to query gene"
"269","psinensis_homolog_perc_id_r1","% Identity with respect to Chinese softshell turtle gene"
"270","psinensis_homolog_dn","dN"
"271","psinensis_homolog_ds","dS"
"272","cintestinalis_homolog_ensembl_gene","Ciona intestinalis Ensembl Gene ID"
"273","cintestinalis_homolog_canonical_transcript_protein","Canonical Protein or Transcript ID"
"274","cintestinalis_homolog_ensembl_peptide","Ciona intestinalis Ensembl Protein ID"
"275","cintestinalis_homolog_chromosome","Ciona intestinalis Chromosome Name"
"276","cintestinalis_homolog_chrom_start","Ciona intestinalis Chromosome Start (bp)"
"277","cintestinalis_homolog_chrom_end","Ciona intestinalis Chromosome End (bp)"
"278","cintestinalis_homolog_orthology_type","Homology Type"
"279","cintestinalis_homolog_subtype","Ancestor"
"280","cintestinalis_homolog_orthology_confidence","Orthology confidence [0 low, 1 high]"
"281","cintestinalis_homolog_perc_id","% Identity with respect to query gene"
"282","cintestinalis_homolog_perc_id_r1","% Identity with respect to Ciona intestinalis gene"
"283","cintestinalis_homolog_dn","dN"
"284","cintestinalis_homolog_ds","dS"
"285","csavignyi_homolog_ensembl_gene","Ciona savignyi Ensembl Gene ID"
"286","csavignyi_homolog_canonical_transcript_protein","Canonical Protein or Transcript ID"
"287","csavignyi_homolog_ensembl_peptide","Ciona savignyi Ensembl Protein ID"
"288","csavignyi_homolog_chromosome","Ciona savignyi Chromosome Name"
"289","csavignyi_homolog_chrom_start","Ciona savignyi Chromosome Start (bp)"
"290","csavignyi_homolog_chrom_end","Ciona savignyi Chromosome End (bp)"
"291","csavignyi_homolog_orthology_type","Homology Type"
"292","csavignyi_homolog_subtype","Ancestor"
"293","csavignyi_homolog_orthology_confidence","Orthology confidence [0 low, 1 high]"
"294","csavignyi_homolog_perc_id","% Identity with respect to query gene"
"295","csavignyi_homolog_perc_id_r1","% Identity with respect to Ciona savignyi gene"
"296","csavignyi_homolog_dn","dN"
"297","csavignyi_homolog_ds","dS"
"298","lchalumnae_homolog_ensembl_gene","Coelacanth Ensembl Gene ID"
"299","lchalumnae_homolog_canonical_transcript_protein","Canonical Protein or Transcript ID"
"300","lchalumnae_homolog_ensembl_peptide","Coelacanth Ensembl Protein ID"
"301","lchalumnae_homolog_chromosome","Coelacanth Chromosome Name"
"302","lchalumnae_homolog_chrom_start","Coelacanth Chromosome Start (bp)"
"303","lchalumnae_homolog_chrom_end","Coelacanth Chromosome End (bp)"
"304","lchalumnae_homolog_orthology_type","Homology Type"
"305","lchalumnae_homolog_subtype","Ancestor"
"306","lchalumnae_homolog_orthology_confidence","Orthology confidence [0 low, 1 high]"
"307","lchalumnae_homolog_perc_id","% Identity with respect to query gene"
"308","lchalumnae_homolog_perc_id_r1","% Identity with respect to Coelacanth gene"
"309","saraneus_homolog_ensembl_gene","Common Shrew Ensembl Gene ID"
"310","saraneus_homolog_canonical_transcript_protein","Canonical Protein or Transcript ID"
"311","saraneus_homolog_ensembl_peptide","Common Shrew Ensembl Protein ID"
"312","saraneus_homolog_chromosome","Common Shrew Chromosome Name"
"313","saraneus_homolog_chrom_start","Common Shrew Chromosome Start (bp)"
"314","saraneus_homolog_chrom_end","Common Shrew Chromosome End (bp)"
"315","saraneus_homolog_orthology_type","Homology Type"
"316","saraneus_homolog_subtype","Ancestor"
"317","saraneus_homolog_orthology_confidence","Orthology confidence [0 low, 1 high]"
"318","saraneus_homolog_perc_id","% Identity with respect to query gene"
"319","saraneus_homolog_perc_id_r1","% Identity with respect to Common Shrew gene"
"320","btaurus_homolog_ensembl_gene","Cow Ensembl Gene ID"
"321","btaurus_homolog_canonical_transcript_protein","Canonical Protein or Transcript ID"
"322","btaurus_homolog_ensembl_peptide","Cow Ensembl Protein ID"
"323","btaurus_homolog_chromosome","Cow Chromosome Name"
"324","btaurus_homolog_chrom_start","Cow Chromosome Start (bp)"
"325","btaurus_homolog_chrom_end","Cow Chromosome End (bp)"
"326","btaurus_homolog_orthology_type","Homology Type"
"327","btaurus_homolog_subtype","Ancestor"
"328","btaurus_homolog_orthology_confidence","Orthology confidence [0 low, 1 high]"
"329","btaurus_homolog_perc_id","% Identity with respect to query gene"
"330","btaurus_homolog_perc_id_r1","% Identity with respect to Cow gene"
"331","btaurus_homolog_dn","dN"
"332","btaurus_homolog_ds","dS"
"333","cfamiliaris_homolog_ensembl_gene","Dog Ensembl Gene ID"
"334","cfamiliaris_homolog_canonical_transcript_protein","Canonical Protein or Transcript ID"
"335","cfamiliaris_homolog_ensembl_peptide","Dog Ensembl Protein ID"
"336","cfamiliaris_homolog_chromosome","Dog Chromosome Name"
"337","cfamiliaris_homolog_chrom_start","Dog Chromosome Start (bp)"
"338","cfamiliaris_homolog_chrom_end","Dog Chromosome End (bp)"
"339","cfamiliaris_homolog_orthology_type","Homology Type"
"340","cfamiliaris_homolog_subtype","Ancestor"
"341","cfamiliaris_homolog_orthology_confidence","Orthology confidence [0 low, 1 high]"
"342","cfamiliaris_homolog_perc_id","% Identity with respect to query gene"
"343","cfamiliaris_homolog_perc_id_r1","% Identity with respect to Dog gene"
"344","cfamiliaris_homolog_dn","dN"
"345","cfamiliaris_homolog_ds","dS"
"346","ttruncatus_homolog_ensembl_gene","Dolphin Ensembl Gene ID"
"347","ttruncatus_homolog_canonical_transcript_protein","Canonical Protein or Transcript ID"
"348","ttruncatus_homolog_ensembl_peptide","Dolphin Ensembl Protein ID"
"349","ttruncatus_homolog_chromosome","Dolphin Chromosome Name"
"350","ttruncatus_homolog_chrom_start","Dolphin Chromosome Start (bp)"
"351","ttruncatus_homolog_chrom_end","Dolphin Chromosome End (bp)"
"352","ttruncatus_homolog_orthology_type","Homology Type"
"353","ttruncatus_homolog_subtype","Ancestor"
"354","ttruncatus_homolog_orthology_confidence","Orthology confidence [0 low, 1 high]"
"355","ttruncatus_homolog_perc_id","% Identity with respect to query gene"
"356","ttruncatus_homolog_perc_id_r1","% Identity with respect to Dolphin gene"
"357","dmelanogaster_homolog_ensembl_gene","Drosophila Ensembl Gene ID"
"358","dmelanogaster_homolog_canonical_transcript_protein","Canonical Protein or Transcript ID"
"359","dmelanogaster_homolog_ensembl_peptide","Drosophila Ensembl Protein ID"
"360","dmelanogaster_homolog_chromosome","Drosophila Chromosome Name"
"361","dmelanogaster_homolog_chrom_start","Drosophila Chromosome Start (bp)"
"362","dmelanogaster_homolog_chrom_end","Drosophila Chromosome End (bp)"
"363","dmelanogaster_homolog_orthology_type","Homology Type"
"364","dmelanogaster_homolog_subtype","Ancestor"
"365","dmelanogaster_homolog_orthology_confidence","Orthology confidence [0 low, 1 high]"
"366","dmelanogaster_homolog_perc_id","% Identity with respect to query gene"
"367","dmelanogaster_homolog_perc_id_r1","% Identity with respect to Drosophila gene"
"368","dmelanogaster_homolog_dn","dN"
"369","dmelanogaster_homolog_ds","dS"
"370","aplatyrhynchos_homolog_ensembl_gene","Duck Ensembl Gene ID"
"371","aplatyrhynchos_homolog_canonical_transcript_protein","Canonical Protein or Transcript ID"
"372","aplatyrhynchos_homolog_ensembl_peptide","Duck Ensembl Protein ID"
"373","aplatyrhynchos_homolog_chromosome","Duck Chromosome Name"
"374","aplatyrhynchos_homolog_chrom_start","Duck Chromosome Start (bp)"
"375","aplatyrhynchos_homolog_chrom_end","Duck Chromosome End (bp)"
"376","aplatyrhynchos_homolog_orthology_type","Homology Type"
"377","aplatyrhynchos_homolog_subtype","Ancestor"
"378","aplatyrhynchos_homolog_orthology_confidence","Orthology confidence [0 low, 1 high]"
"379","aplatyrhynchos_homolog_perc_id","% Identity with respect to query gene"
"380","aplatyrhynchos_homolog_perc_id_r1","% Identity with respect to Duck gene"
"381","aplatyrhynchos_homolog_dn","dN"
"382","aplatyrhynchos_homolog_ds","dS"
"383","lafricana_homolog_ensembl_gene","Elephant Ensembl Gene ID"
"384","lafricana_homolog_canonical_transcript_protein","Canonical Protein or Transcript ID"
"385","lafricana_homolog_ensembl_peptide","Elephant Ensembl Protein ID"
"386","lafricana_homolog_chromosome","Elephant Chromosome Name"
"387","lafricana_homolog_chrom_start","Elephant Chromosome Start (bp)"
"388","lafricana_homolog_chrom_end","Elephant Chromosome End (bp)"
"389","lafricana_homolog_orthology_type","Homology Type"
"390","lafricana_homolog_subtype","Ancestor"
"391","lafricana_homolog_orthology_confidence","Orthology confidence [0 low, 1 high]"
"392","lafricana_homolog_perc_id","% Identity with respect to query gene"
"393","lafricana_homolog_perc_id_r1","% Identity with respect to Elephant gene"
"394","lafricana_homolog_dn","dN"
"395","lafricana_homolog_ds","dS"
"396","mfuro_homolog_ensembl_gene","Ferret Ensembl Gene ID"
"397","mfuro_homolog_canonical_transcript_protein","Canonical Protein or Transcript ID"
"398","mfuro_homolog_ensembl_peptide","Ferret Ensembl Protein ID"
"399","mfuro_homolog_chromosome","Ferret Chromosome Name"
"400","mfuro_homolog_chrom_start","Ferret Chromosome Start (bp)"
"401","mfuro_homolog_chrom_end","Ferret Chromosome End (bp)"
"402","mfuro_homolog_orthology_type","Homology Type"
"403","mfuro_homolog_subtype","Ancestor"
"404","mfuro_homolog_orthology_confidence","Orthology confidence [0 low, 1 high]"
"405","mfuro_homolog_perc_id","% Identity with respect to query gene"
"406","mfuro_homolog_perc_id_r1","% Identity with respect to Ferret gene"
"407","mfuro_homolog_dn","dN"
"408","mfuro_homolog_ds","dS"
"409","falbicollis_homolog_ensembl_gene","Flycatcher Ensembl Gene ID"
"410","falbicollis_homolog_canonical_transcript_protein","Canonical Protein or Transcript ID"
"411","falbicollis_homolog_ensembl_peptide","Flycatcher Ensembl Protein ID"
"412","falbicollis_homolog_chromosome","Flycatcher Chromosome Name"
"413","falbicollis_homolog_chrom_start","Flycatcher Chromosome Start (bp)"
"414","falbicollis_homolog_chrom_end","Flycatcher Chromosome End (bp)"
"415","falbicollis_homolog_orthology_type","Homology Type"
"416","falbicollis_homolog_subtype","Ancestor"
"417","falbicollis_homolog_orthology_confidence","Orthology confidence [0 low, 1 high]"
"418","falbicollis_homolog_perc_id","% Identity with respect to query gene"
"419","falbicollis_homolog_perc_id_r1","% Identity with respect to Flycatcher gene"
"420","falbicollis_homolog_dn","dN"
"421","falbicollis_homolog_ds","dS"
"422","trubripes_homolog_ensembl_gene","Fugu Ensembl Gene ID"
"423","trubripes_homolog_canonical_transcript_protein","Canonical Protein or Transcript ID"
"424","trubripes_homolog_ensembl_peptide","Fugu Ensembl Protein ID"
"425","trubripes_homolog_chromosome","Fugu Chromosome Name"
"426","trubripes_homolog_chrom_start","Fugu Chromosome Start (bp)"
"427","trubripes_homolog_chrom_end","Fugu Chromosome End (bp)"
"428","trubripes_homolog_orthology_type","Homology Type"
"429","trubripes_homolog_subtype","Ancestor"
"430","trubripes_homolog_orthology_confidence","Orthology confidence [0 low, 1 high]"
"431","trubripes_homolog_perc_id","% Identity with respect to query gene"
"432","trubripes_homolog_perc_id_r1","% Identity with respect to Fugu gene"
"433","trubripes_homolog_dn","dN"
"434","trubripes_homolog_ds","dS"
"435","nleucogenys_homolog_ensembl_gene","Gibbon Ensembl Gene ID"
"436","nleucogenys_homolog_canonical_transcript_protein","Canonical Protein or Transcript ID"
"437","nleucogenys_homolog_ensembl_peptide","Gibbon Ensembl Protein ID"
"438","nleucogenys_homolog_chromosome","Gibbon Chromosome Name"
"439","nleucogenys_homolog_chrom_start","Gibbon Chromosome Start (bp)"
"440","nleucogenys_homolog_chrom_end","Gibbon Chromosome End (bp)"
"441","nleucogenys_homolog_orthology_type","Homology Type"
"442","nleucogenys_homolog_subtype","Ancestor"
"443","nleucogenys_homolog_orthology_confidence","Orthology confidence [0 low, 1 high]"
"444","nleucogenys_homolog_perc_id","% Identity with respect to query gene"
"445","nleucogenys_homolog_perc_id_r1","% Identity with respect to Gibbon gene"
"446","nleucogenys_homolog_dn","dN"
"447","nleucogenys_homolog_ds","dS"
"448","ggorilla_homolog_ensembl_gene","Gorilla Ensembl Gene ID"
"449","ggorilla_homolog_canomical_transcript_protein","Canonical Protein or Transcript ID"
"450","ggorilla_homolog_ensembl_peptide","Gorilla Ensembl Protein ID"
"451","ggorilla_homolog_chromosome","Gorilla Chromosome Name"
"452","ggorilla_homolog_chrom_start","Gorilla Chromosome Start (bp)"
"453","ggorilla_homolog_chrom_end","Gorilla Chromosome End (bp)"
"454","ggorilla_homolog_orthology_type","Homology Type"
"455","ggorilla_homolog_subtype","Ancestor"
"456","ggorilla_homolog_orthology_confidence","Orthology confidence [0 low, 1 high]"
"457","ggorilla_homolog_perc_id","% Identity with respect to query gene"
"458","ggorilla_homolog_perc_id_r1","% Identity with respect to Gorilla gene"
"459","ggorilla_homolog_dn","dN"
"460","ggorilla_homolog_ds","dS"
"461","cporcellus_homolog_ensembl_gene","Guinea Pig Ensembl Gene ID"
"462","cporcellus_homolog_canonical_transcript_protein","Canonical Protein or Transcript ID"
"463","cporcellus_homolog_ensembl_peptide","Guinea Pig Ensembl Protein ID"
"464","cporcellus_homolog_chromosome","Guinea Pig Chromosome Name"
"465","cporcellus_homolog_chrom_start","Guinea Pig Chromosome Start (bp)"
"466","cporcellus_homolog_chrom_end","Guinea Pig Chromosome End (bp)"
"467","cporcellus_homolog_orthology_type","Homology Type"
"468","cporcellus_homolog_subtype","Ancestor"
"469","cporcellus_homolog_orthology_confidence","Orthology confidence [0 low, 1 high]"
"470","cporcellus_homolog_perc_id","% Identity with respect to query gene"
"471","cporcellus_homolog_perc_id_r1","% Identity with respect to Guinea Pig gene"
"472","cporcellus_homolog_dn","dN"
"473","cporcellus_homolog_ds","dS"
"474","eeuropaeus_homolog_ensembl_gene","Hedgehog Ensembl Gene ID"
"475","eeuropaeus_homolog_canonical_transcript_protein","Canonical Protein or Transcript ID"
"476","eeuropaeus_homolog_ensembl_peptide","Hedgehog Ensembl Protein ID"
"477","eeuropaeus_homolog_chromosome","Hedgehog Chromosome Name"
"478","eeuropaeus_homolog_chrom_start","Hedgehog Chromosome Start (bp)"
"479","eeuropaeus_homolog_chrom_end","Hedgehog Chromosome End (bp)"
"480","eeuropaeus_homolog_orthology_type","Homology Type"
"481","eeuropaeus_homolog_subtype","Ancestor"
"482","eeuropaeus_homolog_orthology_confidence","Orthology confidence [0 low, 1 high]"
"483","eeuropaeus_homolog_perc_id","% Identity with respect to query gene"
"484","eeuropaeus_homolog_perc_id_r1","% Identity with respect to Hedgehog gene"
"485","ecaballus_homolog_ensembl_gene","Horse Ensembl Gene ID"
"486","ecaballus_homolog_canonical_transcript_protein","Canonical Protein or Transcript ID"
"487","ecaballus_homolog_ensembl_peptide","Horse Ensembl Protein ID"
"488","ecaballus_homolog_chromosome","Horse Chromosome Name"
"489","ecaballus_homolog_chrom_start","Horse Chromosome Start (bp)"
"490","ecaballus_homolog_chrom_end","Horse Chromosome End (bp)"
"491","ecaballus_homolog_orthology_type","Homology Type"
"492","ecaballus_homolog_subtype","Ancestor"
"493","ecaballus_homolog_orthology_confidence","Orthology confidence [0 low, 1 high]"
"494","ecaballus_homolog_perc_id","% Identity with respect to query gene"
"495","ecaballus_homolog_perc_id_r1","% Identity with respect to Horse gene"
"496","ecaballus_homolog_dn","dN"
"497","ecaballus_homolog_ds","dS"
"498","hsapiens_homolog_ensembl_gene","Human Ensembl Gene ID"
"499","hsapiens_homolog_canonical_transcript_protein","Canonical Protein or Transcript ID"
"500","hsapiens_homolog_ensembl_peptide","Human Ensembl Protein ID"
"501","hsapiens_homolog_chromosome","Human Chromosome Name"
"502","hsapiens_homolog_chrom_start","Human Chromosome Start (bp)"
"503","hsapiens_homolog_chrom_end","Human Chromosome End (bp)"
"504","hsapiens_homolog_orthology_type","Homology Type"
"505","hsapiens_homolog_subtype","Ancestor"
"506","hsapiens_homolog_orthology_confidence","Orthology confidence [0 low, 1 high]"
"507","hsapiens_homolog_perc_id","% Identity with respect to query gene"
"508","hsapiens_homolog_perc_id_r1","% Identity with respect to Human gene"
"509","hsapiens_homolog_dn","dN"
"510","hsapiens_homolog_ds","dS"
"511","dordii_homolog_ensembl_gene","Kangaroo Rat Ensembl Gene ID"
"512","dordii_homolog_canonical_transcript_protein","Canonical Protein or Transcript ID"
"513","dordii_homolog_ensembl_peptide","Kangaroo Rat Ensembl Protein ID"
"514","dordii_homolog_chromosome","Kangaroo Rat Chromosome Name"
"515","dordii_homolog_chrom_start","Kangaroo Rat Chromosome Start (bp)"
"516","dordii_homolog_chrom_end","Kangaroo Rat Chromosome End (bp)"
"517","dordii_homolog_orthology_type","Homology Type"
"518","dordii_homolog_subtype","Ancestor"
"519","dordii_homolog_orthology_confidence","Orthology confidence [0 low, 1 high]"
"520","dordii_homolog_perc_id","% Identity with respect to query gene"
"521","dordii_homolog_perc_id_r1","% Identity with respect to Kangaroo Rat gene"
"522","pmarinus_homolog_ensembl_gene","Lamprey Ensembl Gene ID"
"523","pmarinus_homolog_canonical_transcript_protein","Canonical Protein or Transcript ID"
"524","pmarinus_homolog_ensembl_peptide","Lamprey Ensembl Protein ID"
"525","pmarinus_homolog_chromosome","Lamprey Chromosome Name"
"526","pmarinus_homolog_chrom_start","Lamprey Chromosome Start (bp)"
"527","pmarinus_homolog_chrom_end","Lamprey Chromosome End (bp)"
"528","pmarinus_homolog_orthology_type","Homology Type"
"529","pmarinus_homolog_subtype","Ancestor"
"530","pmarinus_homolog_orthology_confidence","Orthology confidence [0 low, 1 high]"
"531","pmarinus_homolog_perc_id","% Identity with respect to query gene"
"532","pmarinus_homolog_perc_id_r1","% Identity with respect to Lamprey gene"
"533","etelfairi_homolog_ensembl_gene","Lesser hedgehog tenrec Ensembl Gene ID"
"534","etelfairi_homolog_canonical_transcript_protein","Canonical Protein or Transcript ID"
"535","etelfairi_homolog_ensembl_peptide","Lesser hedgehog tenrec Ensembl Protein ID"
"536","etelfairi_homolog_chromosome","Lesser hedgehog tenrec Chromosome Name"
"537","etelfairi_homolog_chrom_start","Lesser hedgehog tenrec Chromosome Start (bp)"
"538","etelfairi_homolog_chrom_end","Lesser hedgehog tenrec Chromosome End (bp)"
"539","etelfairi_homolog_orthology_type","Homology Type"
"540","etelfairi_homolog_subtype","Ancestor"
"541","etelfairi_homolog_orthology_confidence","Orthology confidence [0 low, 1 high]"
"542","etelfairi_homolog_perc_id","% Identity with respect to query gene"
"543","etelfairi_homolog_perc_id_r1","% Identity with respect to Lesser hedgehog tenrec gene"
"544","mmulatta_homolog_ensembl_gene","Macaque Ensembl Gene ID"
"545","mmulatta_homolog_canonical_transcript_protein","Canonical Protein or Transcript ID"
"546","mmulatta_homolog_ensembl_peptide","Macaque Ensembl Protein ID"
"547","mmulatta_homolog_chromosome","Macaque Chromosome Name"
"548","mmulatta_homolog_chrom_start","Macaque Chromosome Start (bp)"
"549","mmulatta_homolog_chrom_end","Macaque Chromosome End (bp)"
"550","mmulatta_homolog_orthology_type","Homology Type"
"551","mmulatta_homolog_subtype","Ancestor"
"552","mmulatta_homolog_orthology_confidence","Orthology confidence [0 low, 1 high]"
"553","mmulatta_homolog_perc_id","% Identity with respect to query gene"
"554","mmulatta_homolog_perc_id_r1","% Identity with respect to Macaque gene"
"555","mmulatta_homolog_dn","dN"
"556","mmulatta_homolog_ds","dS"
"557","cjacchus_homolog_ensembl_gene","Marmoset Ensembl Gene ID"
"558","cjacchus_homolog_canonical_transcript_protein","Canonical Protein or Transcript ID"
"559","cjacchus_homolog_ensembl_peptide","Marmoset Ensembl Protein ID"
"560","cjacchus_homolog_chromosome","Marmoset Chromosome Name"
"561","cjacchus_homolog_chrom_start","Marmoset Chromosome Start (bp)"
"562","cjacchus_homolog_chrom_end","Marmoset Chromosome End (bp)"
"563","cjacchus_homolog_orthology_type","Homology Type"
"564","cjacchus_homolog_subtype","Ancestor"
"565","cjacchus_homolog_orthology_confidence","Orthology confidence [0 low, 1 high]"
"566","cjacchus_homolog_perc_id","% Identity with respect to query gene"
"567","cjacchus_homolog_perc_id_r1","% Identity with respect to Marmoset gene"
"568","cjacchus_homolog_dn","dN"
"569","cjacchus_homolog_ds","dS"
"570","olatipes_homolog_ensembl_gene","Medaka Ensembl Gene ID"
"571","olatipes_homolog_canonical_transcript_protein","Canonical Protein or Transcript ID"
"572","olatipes_homolog_ensembl_peptide","Medaka Ensembl Protein ID"
"573","olatipes_homolog_chromosome","Medaka Chromosome Name"
"574","olatipes_homolog_chrom_start","Medaka Chromosome Start (bp)"
"575","olatipes_homolog_chrom_end","Medaka Chromosome End (bp)"
"576","olatipes_homolog_orthology_type","Homology Type"
"577","olatipes_homolog_subtype","Ancestor"
"578","olatipes_homolog_orthology_confidence","Orthology confidence [0 low, 1 high]"
"579","olatipes_homolog_perc_id","% Identity with respect to query gene"
"580","olatipes_homolog_perc_id_r1","% Identity with respect to Medaka gene"
"581","olatipes_homolog_dn","dN"
"582","olatipes_homolog_ds","dS"
"583","pvampyrus_homolog_ensembl_gene","Megabat Ensembl Gene ID"
"584","pvampyrus_homolog_canonical_transcript_protein","Canonical Protein or Transcript ID"
"585","pvampyrus_homolog_ensembl_peptide","Megabat Ensembl Protein ID"
"586","pvampyrus_homolog_chromosome","Megabat Chromosome Name"
"587","pvampyrus_homolog_chrom_start","Megabat Chromosome Start (bp)"
"588","pvampyrus_homolog_chrom_end","Megabat Chromosome End (bp)"
"589","pvampyrus_homolog_orthology_type","Homology Type"
"590","pvampyrus_homolog_subtype","Ancestor"
"591","pvampyrus_homolog_orthology_confidence","Orthology confidence [0 low, 1 high]"
"592","pvampyrus_homolog_perc_id","% Identity with respect to query gene"
"593","pvampyrus_homolog_perc_id_r1","% Identity with respect to Megabat gene"
"594","mlucifugus_homolog_ensembl_gene","Microbat Ensembl Gene ID"
"595","mlucifugus_homolog_canonical_transcript_protein","Canonical Protein or Transcript ID"
"596","mlucifugus_homolog_ensembl_peptide","Microbat Ensembl Protein ID"
"597","mlucifugus_homolog_chromosome","Microbat Chromosome Name"
"598","mlucifugus_homolog_chrom_start","Microbat Chromosome Start (bp)"
"599","mlucifugus_homolog_chrom_end","Microbat Chromosome End (bp)"
"600","mlucifugus_homolog_orthology_type","Homology Type"
"601","mlucifugus_homolog_subtype","Ancestor"
"602","mlucifugus_homolog_orthology_confidence","Orthology confidence [0 low, 1 high]"
"603","mlucifugus_homolog_perc_id","% Identity with respect to query gene"
"604","mlucifugus_homolog_perc_id_r1","% Identity with respect to Microbat gene"
"605","mlucifugus_homolog_dn","dN"
"606","mlucifugus_homolog_ds","dS"
"607","mmusculus_homolog_ensembl_gene","Mouse Ensembl Gene ID"
"608","mmusculus_homolog_canonical_transcript_protein","Canonical Protein or Transcript ID"
"609","mmusculus_homolog_ensembl_peptide","Mouse Ensembl Protein ID"
"610","mmusculus_homolog_chromosome","Mouse Chromosome Name"
"611","mmusculus_homolog_chrom_start","Mouse Chromosome Start (bp)"
"612","mmusculus_homolog_chrom_end","Mouse Chromosome End (bp)"
"613","mmusculus_homolog_orthology_type","Homology Type"
"614","mmusculus_homolog_subtype","Ancestor"
"615","mmusculus_homolog_orthology_confidence","Orthology confidence [0 low, 1 high]"
"616","mmusculus_homolog_perc_id","% Identity with respect to query gene"
"617","mmusculus_homolog_perc_id_r1","% Identity with respect to Mouse gene"
"618","mmusculus_homolog_dn","dN"
"619","mmusculus_homolog_ds","dS"
"620","mmurinus_homolog_ensembl_gene","Mouse Lemur Ensembl Gene ID"
"621","mmurinus_homolog_canonical_transcript_protein","Canonical Protein or Transcript ID"
"622","mmurinus_homolog_ensembl_peptide","Mouse Lemur Ensembl Protein ID"
"623","mmurinus_homolog_chromosome","Mouse Lemur Chromosome Name"
"624","mmurinus_homolog_chrom_start","Mouse Lemur Chromosome Start (bp)"
"625","mmurinus_homolog_chrom_end","Mouse Lemur Chromosome End (bp)"
"626","mmurinus_homolog_orthology_type","Homology Type"
"627","mmurinus_homolog_subtype","Ancestor"
"628","mmurinus_homolog_orthology_confidence","Orthology confidence [0 low, 1 high]"
"629","mmurinus_homolog_perc_id","% Identity with respect to query gene"
"630","mmurinus_homolog_perc_id_r1","% Identity with respect to Mouse Lemur gene"
"631","oniloticus_homolog_ensembl_gene","Nile tilapia Ensembl Gene ID"
"632","oniloticus_homolog_canonical_transcript_protein","Canonical Protein or Transcript ID"
"633","oniloticus_homolog_ensembl_peptide","Nile tilapia Ensembl Protein ID"
"634","oniloticus_homolog_chromosome","Nile tilapia Chromosome Name"
"635","oniloticus_homolog_chrom_start","Nile tilapia Chromosome Start (bp)"
"636","oniloticus_homolog_chrom_end","Nile tilapia Chromosome End (bp)"
"637","oniloticus_homolog_orthology_type","Homology Type"
"638","oniloticus_homolog_subtype","Ancestor"
"639","oniloticus_homolog_orthology_confidence","Orthology confidence [0 low, 1 high]"
"640","oniloticus_homolog_perc_id","% Identity with respect to query gene"
"641","oniloticus_homolog_perc_id_r1","% Identity with respect to Nile tilapia gene"
"642","panubis_homolog_ensembl_gene","Olive baboon Ensembl Gene ID"
"643","panubis_homolog_canonical_transcript_protein","Canonical Protein or Transcript ID"
"644","panubis_homolog_ensembl_peptide","Olive baboon Ensembl Protein ID"
"645","panubis_homolog_chromosome","Olive baboon Chromosome Name"
"646","panubis_homolog_chrom_start","Olive baboon Chromosome Start (bp)"
"647","panubis_homolog_chrom_end","Olive baboon Chromosome End (bp)"
"648","panubis_homolog_orthology_type","Homology Type"
"649","panubis_homolog_subtype","Ancestor"
"650","panubis_homolog_orthology_confidence","Orthology confidence [0 low, 1 high]"
"651","panubis_homolog_perc_id","% Identity with respect to query gene"
"652","panubis_homolog_perc_id_r1","% Identity with respect to Olive baboon gene"
"653","panubis_homolog_dn","dN"
"654","panubis_homolog_ds","dS"
"655","mdomestica_homolog_ensembl_gene","Opossum Ensembl Gene ID"
"656","mdomestica_homolog_canonical_transcript_protein","Canonical Protein or Transcript ID"
"657","mdomestica_homolog_ensembl_peptide","Opossum Ensembl Protein ID"
"658","mdomestica_homolog_chromosome","Opossum Chromosome Name"
"659","mdomestica_homolog_chrom_start","Opossum Chromosome Start (bp)"
"660","mdomestica_homolog_chrom_end","Opossum Chromosome End (bp)"
"661","mdomestica_homolog_orthology_type","Homology Type"
"662","mdomestica_homolog_subtype","Ancestor"
"663","mdomestica_homolog_orthology_confidence","Orthology confidence [0 low, 1 high]"
"664","mdomestica_homolog_perc_id","% Identity with respect to query gene"
"665","mdomestica_homolog_perc_id_r1","% Identity with respect to Opossum gene"
"666","mdomestica_homolog_dn","dN"
"667","mdomestica_homolog_ds","dS"
"668","pabelii_homolog_ensembl_gene","Orangutan Ensembl Gene ID"
"669","pabelii_homolog_canonical_transcript_protein","Canonical Protein or Transcript ID"
"670","pabelii_homolog_ensembl_peptide","Orangutan Ensembl Protein ID"
"671","pabelii_homolog_chromosome","Orangutan Chromosome Name"
"672","pabelii_homolog_chrom_start","Orangutan Chromosome Start (bp)"
"673","pabelii_homolog_chrom_end","Orangutan Chromosome End (bp)"
"674","pabelii_homolog_orthology_type","Homology Type"
"675","pabelii_homolog_subtype","Ancestor"
"676","pabelii_homolog_orthology_confidence","Orthology confidence [0 low, 1 high]"
"677","pabelii_homolog_perc_id","% Identity with respect to query gene"
"678","pabelii_homolog_perc_id_r1","% Identity with respect to Orangutan gene"
"679","pabelii_homolog_dn","dN"
"680","pabelii_homolog_ds","dS"
"681","amelanoleuca_homolog_ensembl_gene","Panda Ensembl Gene ID"
"682","amelanoleuca_homolog_canonical_transcript_protein","Canonical Protein or Transcript ID"
"683","amelanoleuca_homolog_ensembl_peptide","Panda Ensembl Protein ID"
"684","amelanoleuca_homolog_chromosome","Panda Chromosome Name"
"685","amelanoleuca_homolog_chrom_start","Panda Chromosome Start (bp)"
"686","amelanoleuca_homolog_chrom_end","Panda Chromosome End (bp)"
"687","amelanoleuca_homolog_orthology_type","Homology Type"
"688","amelanoleuca_homolog_subtype","Ancestor"
"689","amelanoleuca_homolog_orthology_confidence","Orthology confidence [0 low, 1 high]"
"690","amelanoleuca_homolog_perc_id","% Identity with respect to query gene"
"691","amelanoleuca_homolog_perc_id_r1","% Identity with respect to Panda gene"
"692","amelanoleuca_homolog_dn","dN"
"693","amelanoleuca_homolog_ds","dS"
"694","sscrofa_homolog_ensembl_gene","Pig Ensembl Gene ID"
"695","sscrofa_homolog_canonical_transcript_protein","Canonical Protein or Transcript ID"
"696","sscrofa_homolog_ensembl_peptide","Pig Ensembl Protein ID"
"697","sscrofa_homolog_chromosome","Pig Chromosome Name"
"698","sscrofa_homolog_chrom_start","Pig Chromosome Start (bp)"
"699","sscrofa_homolog_chrom_end","Pig Chromosome End (bp)"
"700","sscrofa_homolog_orthology_type","Homology Type"
"701","sscrofa_homolog_subtype","Ancestor"
"702","sscrofa_homolog_orthology_confidence","Orthology confidence [0 low, 1 high]"
"703","sscrofa_homolog_perc_id","% Identity with respect to query gene"
"704","sscrofa_homolog_perc_id_r1","% Identity with respect to Pig gene"
"705","sscrofa_homolog_dn","dN"
"706","sscrofa_homolog_ds","dS"
"707","oprinceps_homolog_ensembl_gene","Pika Ensembl Gene ID"
"708","oprinceps_homolog_canonical_transcript_protein","Canonical Protein or Transcript ID"
"709","oprinceps_homolog_ensembl_peptide","Pika Ensembl Protein ID"
"710","oprinceps_homolog_chromosome","Pika Chromosome Name"
"711","oprinceps_homolog_chrom_start","Pika Chromosome Start (bp)"
"712","oprinceps_homolog_chrom_end","Pika Chromosome End (bp)"
"713","oprinceps_homolog_orthology_type","Homology Type"
"714","oprinceps_homolog_subtype","Ancestor"
"715","oprinceps_homolog_orthology_confidence","Orthology confidence [0 low, 1 high]"
"716","oprinceps_homolog_perc_id","% Identity with respect to query gene"
"717","oprinceps_homolog_perc_id_r1","% Identity with respect to Pika gene"
"718","xmaculatus_homolog_ensembl_gene","Platyfish Ensembl Gene ID"
"719","xmaculatus_homolog_canonical_transcript_protein","Canonical Protein or Transcript ID"
"720","xmaculatus_homolog_ensembl_peptide","Platyfish Ensembl Protein ID"
"721","xmaculatus_homolog_chromosome","Platyfish Chromosome Name"
"722","xmaculatus_homolog_chrom_start","Platyfish Chromosome Start (bp)"
"723","xmaculatus_homolog_chrom_end","Platyfish Chromosome End (bp)"
"724","xmaculatus_homolog_orthology_type","Homology Type"
"725","xmaculatus_homolog_subtype","Ancestor"
"726","xmaculatus_homolog_orthology_confidence","Orthology confidence [0 low, 1 high]"
"727","xmaculatus_homolog_perc_id","% Identity with respect to query gene"
"728","xmaculatus_homolog_perc_id_r1","% Identity with respect to Platyfish gene"
"729","oanatinus_homolog_ensembl_gene","Platypus Ensembl Gene ID"
"730","oanatinus_homolog_canonical_transcript_protein","Canonical Protein or Transcript ID"
"731","oanatinus_homolog_ensembl_peptide","Platypus Ensembl Protein ID"
"732","oanatinus_homolog_chromosome","Platypus Chromosome Name"
"733","oanatinus_homolog_chrom_start","Platypus Chromosome Start (bp)"
"734","oanatinus_homolog_chrom_end","Platypus Chromosome End (bp)"
"735","oanatinus_homolog_orthology_type","Homology Type"
"736","oanatinus_homolog_subtype","Ancestor"
"737","oanatinus_homolog_orthology_confidence","Orthology confidence [0 low, 1 high]"
"738","oanatinus_homolog_perc_id","% Identity with respect to query gene"
"739","oanatinus_homolog_perc_id_r1","% Identity with respect to Platypus gene"
"740","oanatinus_homolog_dn","dN"
"741","oanatinus_homolog_ds","dS"
"742","ocuniculus_homolog_ensembl_gene","Rabbit Ensembl Gene ID"
"743","ocuniculus_homolog_canonical_transcript_protein","Canonical Protein or Transcript ID"
"744","ocuniculus_homolog_ensembl_peptide","Rabbit Ensembl Protein ID"
"745","ocuniculus_homolog_chromosome","Rabbit Chromosome Name"
"746","ocuniculus_homolog_chrom_start","Rabbit Chromosome Start (bp)"
"747","ocuniculus_homolog_chrom_end","Rabbit Chromosome End (bp)"
"748","ocuniculus_homolog_orthology_type","Homology Type"
"749","ocuniculus_homolog_subtype","Ancestor"
"750","ocuniculus_homolog_orthology_confidence","Orthology confidence [0 low, 1 high]"
"751","ocuniculus_homolog_perc_id","% Identity with respect to query gene"
"752","ocuniculus_homolog_perc_id_r1","% Identity with respect to Rabbit gene"
"753","ocuniculus_homolog_dn","dN"
"754","ocuniculus_homolog_ds","dS"
"755","rnorvegicus_homolog_ensembl_gene","Rat Ensembl Gene ID"
"756","rnorvegicus_homolog_canonical_transcript_protein","Canonical Protein or Transcript ID"
"757","rnorvegicus_homolog_ensembl_peptide","Rat Ensembl Protein ID"
"758","rnorvegicus_homolog_chromosome","Rat Chromosome Name"
"759","rnorvegicus_homolog_chrom_start","Rat Chromosome Start (bp)"
"760","rnorvegicus_homolog_chrom_end","Rat Chromosome End (bp)"
"761","rnorvegicus_homolog_orthology_type","Homology Type"
"762","rnorvegicus_homolog_subtype","Ancestor"
"763","rnorvegicus_homolog_orthology_confidence","Orthology confidence [0 low, 1 high]"
"764","rnorvegicus_homolog_perc_id","% Identity with respect to query gene"
"765","rnorvegicus_homolog_perc_id_r1","% Identity with respect to Rat gene"
"766","rnorvegicus_homolog_dn","dN"
"767","rnorvegicus_homolog_ds","dS"
"768","pcapensis_homolog_ensembl_gene","Rock Hyrax Ensembl Gene ID"
"769","pcapensis_homolog_canonical_transcript_protein","Canonical Protein or Transcript ID"
"770","pcapensis_homolog_ensembl_peptide","Rock Hyrax Ensembl Protein ID"
"771","pcapensis_homolog_chromosome","Rock Hyrax Chromosome Name"
"772","pcapensis_homolog_chrom_start","Rock Hyrax Chromosome Start (bp)"
"773","pcapensis_homolog_chrom_end","Rock Hyrax Chromosome End (bp)"
"774","pcapensis_homolog_orthology_type","Homology Type"
"775","pcapensis_homolog_subtype","Ancestor"
"776","pcapensis_homolog_orthology_confidence","Orthology confidence [0 low, 1 high]"
"777","pcapensis_homolog_perc_id","% Identity with respect to query gene"
"778","pcapensis_homolog_perc_id_r1","% Identity with respect to Rock Hyrax gene"
"779","oaries_homolog_ensembl_gene","Sheep Ensembl Gene ID"
"780","oaries_homolog_canonical_transcript_protein","Canonical Protein or Transcript ID"
"781","oaries_homolog_ensembl_peptide","Sheep Ensembl Protein ID"
"782","oaries_homolog_chromosome","Sheep Chromosome Name"
"783","oaries_homolog_chrom_start","Sheep Chromosome Start (bp)"
"784","oaries_homolog_chrom_end","Sheep Chromosome End (bp)"
"785","oaries_homolog_orthology_type","Homology Type"
"786","oaries_homolog_subtype","Ancestor"
"787","oaries_homolog_orthology_confidence","Orthology confidence [0 low, 1 high]"
"788","oaries_homolog_perc_id","% Identity with respect to query gene"
"789","oaries_homolog_perc_id_r1","% Identity with respect to Sheep gene"
"790","oaries_homolog_dn","dN"
"791","oaries_homolog_ds","dS"
"792","choffmanni_homolog_ensembl_gene","Sloth Ensembl Gene ID"
"793","choffmanni_homolog_canonical_transcript_protein","Canonical Protein or Transcript ID"
"794","choffmanni_homolog_ensembl_peptide","Sloth Ensembl Protein ID"
"795","choffmanni_homolog_chromosome","Sloth Chromosome Name"
"796","choffmanni_homolog_chrom_start","Sloth Chromosome Start (bp)"
"797","choffmanni_homolog_chrom_end","Sloth Chromosome End (bp)"
"798","choffmanni_homolog_orthology_type","Homology Type"
"799","choffmanni_homolog_subtype","Ancestor"
"800","choffmanni_homolog_orthology_confidence","Orthology confidence [0 low, 1 high]"
"801","choffmanni_homolog_perc_id","% Identity with respect to query gene"
"802","choffmanni_homolog_perc_id_r1","% Identity with respect to Sloth gene"
"803","loculatus_homolog_ensembl_gene","Spotted gar Ensembl Gene ID"
"804","loculatus_homolog_canonical_transcript_protein","Canonical Protein or Transcript ID"
"805","loculatus_homolog_ensembl_peptide","Spotted gar Ensembl Protein ID"
"806","loculatus_homolog_chromosome","Spotted gar Chromosome Name"
"807","loculatus_homolog_chrom_start","Spotted gar Chromosome Start (bp)"
"808","loculatus_homolog_chrom_end","Spotted gar Chromosome End (bp)"
"809","loculatus_homolog_orthology_type","Homology Type"
"810","loculatus_homolog_subtype","Ancestor"
"811","loculatus_homolog_orthology_confidence","Orthology confidence [0 low, 1 high]"
"812","loculatus_homolog_perc_id","% Identity with respect to query gene"
"813","loculatus_homolog_perc_id_r1","% Identity with respect to Spotted gar gene"
"814","itridecemlineatus_homolog_ensembl_gene","Squirrel Ensembl Gene ID"
"815","itridecemlineatus_homolog_canonical_transcript_protein","Canonical Protein or Transcript ID"
"816","itridecemlineatus_homolog_ensembl_peptide","Squirrel Ensembl Protein ID"
"817","itridecemlineatus_homolog_chromosome","Squirrel Chromosome Name"
"818","itridecemlineatus_homolog_chrom_start","Squirrel Chromosome Start (bp)"
"819","itridecemlineatus_homolog_chrom_end","Squirrel Chromosome End (bp)"
"820","itridecemlineatus_homolog_orthology_type","Homology Type"
"821","itridecemlineatus_homolog_subtype","Ancestor"
"822","itridecemlineatus_homolog_orthology_confidence","Orthology confidence [0 low, 1 high]"
"823","itridecemlineatus_homolog_perc_id","% Identity with respect to query gene"
"824","itridecemlineatus_homolog_perc_id_r1","% Identity with respect to Squirrel gene"
"825","itridecemlineatus_homolog_dn","dN"
"826","itridecemlineatus_homolog_ds","dS"
"827","gaculeatus_homolog_ensembl_gene","Stickleback Ensembl Gene ID"
"828","gaculeatus_homolog_canonical_transcript_protein","Canonical Protein or Transcript ID"
"829","gaculeatus_homolog_ensembl_peptide","Stickleback Ensembl Protein ID"
"830","gaculeatus_homolog_chromosome","Stickleback Chromosome Name"
"831","gaculeatus_homolog_chrom_start","Stickleback Chromosome Start (bp)"
"832","gaculeatus_homolog_chrom_end","Stickleback Chromosome End (bp)"
"833","gaculeatus_homolog_orthology_type","Homology Type"
"834","gaculeatus_homolog_subtype","Ancestor"
"835","gaculeatus_homolog_orthology_confidence","Orthology confidence [0 low, 1 high]"
"836","gaculeatus_homolog_perc_id","% Identity with respect to query gene"
"837","gaculeatus_homolog_perc_id_r1","% Identity with respect to Stickleback gene"
"838","gaculeatus_homolog_dn","dN"
"839","gaculeatus_homolog_ds","dS"
"840","tsyrichta_homolog_ensembl_gene","Tarsier Ensembl Gene ID"
"841","tsyrichta_homolog_canonical_transcript_protein","Canonical Protein or Transcript ID"
"842","tsyrichta_homolog_ensembl_peptide","Tarsier Ensembl Protein ID"
"843","tsyrichta_homolog_chromosome","Tarsier Chromosome Name"
"844","tsyrichta_homolog_chrom_start","Tarsier Chromosome Start (bp)"
"845","tsyrichta_homolog_chrom_end","Tarsier Chromosome End (bp)"
"846","tsyrichta_homolog_orthology_type","Homology Type"
"847","tsyrichta_homolog_subtype","Ancestor"
"848","tsyrichta_homolog_orthology_confidence","Orthology confidence [0 low, 1 high]"
"849","tsyrichta_homolog_perc_id","% Identity with respect to query gene"
"850","tsyrichta_homolog_perc_id_r1","% Identity with respect to Tarsier gene"
"851","sharrisii_homolog_ensembl_gene","Tasmanian Devil Ensembl Gene ID"
"852","sharrisii_homolog_canonical_transcript_protein","Canonical Protein or Transcript ID"
"853","sharrisii_homolog_ensembl_peptide","Tasmanian Devil Ensembl Protein ID"
"854","sharrisii_homolog_chromosome","Tasmanian Devil Chromosome Name"
"855","sharrisii_homolog_chrom_start","Tasmanian Devil Chromosome Start (bp)"
"856","sharrisii_homolog_chrom_end","Tasmanian Devil Chromosome End (bp)"
"857","sharrisii_homolog_orthology_type","Homology Type"
"858","sharrisii_homolog_subtype","Ancestor"
"859","sharrisii_homolog_orthology_confidence","Orthology confidence [0 low, 1 high]"
"860","sharrisii_homolog_perc_id","% Identity with respect to query gene"
"861","sharrisii_homolog_perc_id_r1","% Identity with respect to Tasmanian Devil gene"
"862","sharrisii_homolog_dn","dN"
"863","sharrisii_homolog_ds","dS"
"864","tnigroviridis_homolog_ensembl_gene","Tetraodon Ensembl Gene ID"
"865","tnigroviridis_homolog_canonical_transcript_protein","Canonical Protein or Transcript ID"
"866","tnigroviridis_homolog_ensembl_peptide","Tetraodon Ensembl Protein ID"
"867","tnigroviridis_homolog_chromosome","Tetraodon Chromosome Name"
"868","tnigroviridis_homolog_chrom_start","Tetraodon Chromosome Start (bp)"
"869","tnigroviridis_homolog_chrom_end","Tetraodon Chromosome End (bp)"
"870","tnigroviridis_homolog_orthology_type","Homology Type"
"871","tnigroviridis_homolog_subtype","Ancestor"
"872","tnigroviridis_homolog_orthology_confidence","Orthology confidence [0 low, 1 high]"
"873","tnigroviridis_homolog_perc_id","% Identity with respect to query gene"
"874","tnigroviridis_homolog_perc_id_r1","% Identity with respect to Tetraodon gene"
"875","tnigroviridis_homolog_dn","dN"
"876","tnigroviridis_homolog_ds","dS"
"877","tbelangeri_homolog_ensembl_gene","Tree Shrew Ensembl Gene ID"
"878","tbelangeri_homolog_canonical_transcript_protein","Canonical Protein or Transcript ID"
"879","tbelangeri_homolog_ensembl_peptide","Tree Shrew Ensembl Protein ID"
"880","tbelangeri_homolog_chromosome","Tree Shrew Chromosome Name"
"881","tbelangeri_homolog_chrom_start","Tree Shrew Chromosome Start (bp)"
"882","tbelangeri_homolog_chrom_end","Tree Shrew Chromosome End (bp)"
"883","tbelangeri_homolog_orthology_type","Homology Type"
"884","tbelangeri_homolog_subtype","Ancestor"
"885","tbelangeri_homolog_orthology_confidence","Orthology confidence [0 low, 1 high]"
"886","tbelangeri_homolog_perc_id","% Identity with respect to query gene"
"887","tbelangeri_homolog_perc_id_r1","% Identity with respect to Tree Shrew gene"
"888","mgallopavo_homolog_ensembl_gene","Turkey Ensembl Gene ID"
"889","mgallopavo_homolog_canonical_transcript_protein","Canonical Protein or Transcript ID"
"890","mgallopavo_homolog_ensembl_peptide","Turkey Ensembl Protein ID"
"891","mgallopavo_homolog_chromosome","Turkey Chromosome Name"
"892","mgallopavo_homolog_chrom_start","Turkey Chromosome Start (bp)"
"893","mgallopavo_homolog_chrom_end","Turkey Chromosome End (bp)"
"894","mgallopavo_homolog_orthology_type","Homology Type"
"895","mgallopavo_homolog_subtype","Ancestor"
"896","mgallopavo_homolog_orthology_confidence","Orthology confidence [0 low, 1 high]"
"897","mgallopavo_homolog_perc_id","% Identity with respect to query gene"
"898","mgallopavo_homolog_perc_id_r1","% Identity with respect to Turkey gene"
"899","mgallopavo_homolog_dn","dN"
"900","mgallopavo_homolog_ds","dS"
"901","csabaeus_homolog_ensembl_gene","Vervet-AGM Ensembl Gene ID"
"902","csabaeus_homolog_canonical_transcript_protein","Canonical Protein or Transcript ID"
"903","csabaeus_homolog_ensembl_peptide","Vervet-AGM Ensembl Protein ID"
"904","csabaeus_homolog_chromosome","Vervet-AGM Chromosome Name"
"905","csabaeus_homolog_chrom_start","Vervet-AGM Chromosome Start (bp)"
"906","csabaeus_homolog_chrom_end","Vervet-AGM Chromosome End (bp)"
"907","csabaeus_homolog_orthology_type","Homology Type"
"908","csabaeus_homolog_subtype","Ancestor"
"909","csabaeus_homolog_orthology_confidence","Orthology confidence [0 low, 1 high]"
"910","csabaeus_homolog_perc_id","% Identity with respect to query gene"
"911","csabaeus_homolog_perc_id_r1","% Identity with respect to Vervet-AGM gene"
"912","csabaeus_homolog_dn","dN"
"913","csabaeus_homolog_ds","dS"
"914","meugenii_homolog_ensembl_gene","Wallaby Ensembl Gene ID"
"915","meugenii_homolog_canonical_transcript_protein","Canonical Protein or Transcript ID"
"916","meugenii_homolog_ensembl_peptide","Wallaby Ensembl Protein ID"
"917","meugenii_homolog_chromosome","Wallaby Chromosome Name"
"918","meugenii_homolog_chrom_start","Wallaby Chromosome Start (bp)"
"919","meugenii_homolog_chrom_end","Wallaby Chromosome End (bp)"
"920","meugenii_homolog_orthology_type","Homology Type"
"921","meugenii_homolog_subtype","Ancestor"
"922","meugenii_homolog_orthology_confidence","Orthology confidence [0 low, 1 high]"
"923","meugenii_homolog_perc_id","% Identity with respect to query gene"
"924","meugenii_homolog_perc_id_r1","% Identity with respect to Wallaby gene"
"925","xtropicalis_homolog_ensembl_gene","Xenopus Ensembl Gene ID"
"926","xtropicalis_homolog_canonical_transcript_protein","Canonical Protein or Transcript ID"
"927","xtropicalis_homolog_ensembl_peptide","Xenopus Ensembl Protein ID"
"928","xtropicalis_homolog_chromosome","Xenopus Chromosome Name"
"929","xtropicalis_homolog_chrom_start","Xenopus Chromosome Start (bp)"
"930","xtropicalis_homolog_chrom_end","Xenopus Chromosome End (bp)"
"931","xtropicalis_homolog_orthology_type","Homology Type"
"932","xtropicalis_homolog_subtype","Ancestor"
"933","xtropicalis_homolog_orthology_confidence","Orthology confidence [0 low, 1 high]"
"934","xtropicalis_homolog_perc_id","% Identity with respect to query gene"
"935","xtropicalis_homolog_perc_id_r1","% Identity with respect to Xenopus gene"
"936","xtropicalis_homolog_dn","dN"
"937","xtropicalis_homolog_ds","dS"
"938","tguttata_homolog_ensembl_gene","Zebra Finch Ensembl Gene ID"
"939","tguttata_homolog_canonical_transcript_protein","Canonical Protein or Transcript ID"
"940","tguttata_homolog_ensembl_peptide","Zebra Finch Ensembl Protein ID"
"941","tguttata_homolog_chromosome","Zebra Finch Chromosome Name"
"942","tguttata_homolog_chrom_start","Zebra Finch Chromosome Start (bp)"
"943","tguttata_homolog_chrom_end","Zebra Finch Chromosome End (bp)"
"944","tguttata_homolog_orthology_type","Homology Type"
"945","tguttata_homolog_subtype","Ancestor"
"946","tguttata_homolog_orthology_confidence","Orthology confidence [0 low, 1 high]"
"947","tguttata_homolog_perc_id","% Identity with respect to query gene"
"948","tguttata_homolog_perc_id_r1","% Identity with respect to Zebra Finch gene"
"949","tguttata_homolog_dn","dN"
"950","tguttata_homolog_ds","dS"
"951","drerio_homolog_ensembl_gene","Zebrafish Ensembl Gene ID"
"952","drerio_homolog_canonical_transcript_protein","Canonical Protein or Transcript ID"
"953","drerio_homolog_ensembl_peptide","Zebrafish Ensembl Protein ID"
"954","drerio_homolog_chromosome","Zebrafish Chromosome Name"
"955","drerio_homolog_chrom_start","Zebrafish Chromosome Start (bp)"
"956","drerio_homolog_chrom_end","Zebrafish Chromosome End (bp)"
"957","drerio_homolog_orthology_type","Homology Type"
"958","drerio_homolog_subtype","Ancestor"
"959","drerio_homolog_orthology_confidence","Orthology confidence [0 low, 1 high]"
"960","drerio_homolog_perc_id","% Identity with respect to query gene"
"961","drerio_homolog_perc_id_r1","% Identity with respect to Zebrafish gene"
"962","drerio_homolog_dn","dN"
"963","drerio_homolog_ds","dS"
"964","scerevisiae_paralog_ensembl_gene","Yeast Paralog Ensembl Gene ID"
"965","scerevisiae_paralog_canonical_transcript_protein","Canonical Protein or Transcript ID"
"966","scerevisiae_paralog_ensembl_peptide","Yeast Paralog Ensembl Protein ID"
"967","scerevisiae_paralog_chromosome","Yeast Paralog Chromosome Name"
"968","scerevisiae_paralog_chrom_start","Yeast Paralog Chr Start (bp)"
"969","scerevisiae_paralog_chrom_end","Yeast Paralog Chr End (bp)"
"970","scerevisiae_paralog_orthology_type","Homology Type"
"971","scerevisiae_paralog_subtype","Ancestor"
"972","scerevisiae_paralog_paralogy_confidence","Paralogy confidence [0 low, 1 high]"
"973","scerevisiae_paralog_perc_id","% Identity with respect to query gene"
"974","scerevisiae_paralog_perc_id_r1","% Identity with respect to Yeast gene"
"975","scerevisiae_paralog_dn","dN"
"976","scerevisiae_paralog_ds","dS"
"977","ensembl_gene_id","Ensembl Gene ID"
"978","ensembl_transcript_id","Ensembl Transcript ID"
"979","ensembl_peptide_id","Ensembl Protein ID"
"980","chromosome_name","Chromosome Name"
"981","start_position","Gene Start (bp)"
"982","end_position","Gene End (bp)"
"983","strand","Strand"
"984","band","Band"
"985","external_gene_name","Associated Gene Name"
"986","external_gene_source","Associated Gene Source"
"987","transcript_count","Transcript count"
"988","percentage_gc_content","% GC content"
"989","description","Description"
"990","variation_name","Variation Name"
"991","germ_line_variation_source","Variation Source"
"992","source_description","Variation source description"
"993","allele","Variant Alleles"
"994","validated","Evidence status"
"995","mapweight","Mapweight"
"996","minor_allele","Minor allele"
"997","minor_allele_freq","Minor allele frequency"
"998","minor_allele_count","Minor allele count"
"999","clinical_significance","Clinical significance"
"1000","transcript_location","Transcript location (bp)"
"1001","snp_chromosome_strand","Variation Chromosome Strand"
"1002","peptide_location","Protein location (aa)"
"1003","chromosome_location","Chromosome Location (bp)"
"1004","distance_to_transcript_2076","Distance to transcript"
"1005","cds_start_2076","CDS Start"
"1006","cds_end_2076","CDS End"
"1007","peptide_shift","Protein Allele"
"1008","synonymous_status","Consequence Type (Transcript Variation)"
"1009","allele_string_2076","Consequence specific allele"
"1010","transcript_exon_intron","Unspliced (Transcript)"
"1011","gene_exon_intron","Unspliced (Gene)"
"1012","transcript_flank","Flank (Transcript)"
"1013","gene_flank","Flank (Gene)"
"1014","coding_transcript_flank","Flank-coding region (Transcript)"
"1015","coding_gene_flank","Flank-coding region (Gene)"
"1016","5utr","5' UTR"
"1017","3utr","3' UTR"
"1018","gene_exon","Exon sequences"
"1019","cdna","cDNA sequences"
"1020","coding","Coding sequence"
"1021","peptide","Peptide"
"1022","upstream_flank","upstream_flank"
"1023","downstream_flank","downstream_flank"
"1024","ensembl_gene_id","Ensembl Gene ID"
"1025","description","Description"
"1026","external_gene_name","Associated Gene Name"
"1027","external_gene_source","Associated Gene Source"
"1028","chromosome_name","Chromosome Name"
"1029","start_position","Gene Start (bp)"
"1030","end_position","Gene End (bp)"
"1031","gene_biotype","Gene type"
"1032","family","Ensembl Protein Family ID(s)"
"1033","cdna_coding_start","CDS start (within cDNA)"
"1034","cdna_coding_end","CDS end (within cDNA)"
"1035","5_utr_start","5' UTR Start"
"1036","5_utr_end","5' UTR End"
"1037","3_utr_start","3' UTR Start"
"1038","3_utr_end","3' UTR End"
"1039","ensembl_transcript_id","Ensembl Transcript ID"
"1040","ensembl_peptide_id","Ensembl Protein ID"
"1041","transcript_biotype","Transcript type"
"1042","strand","Strand"
"1043","transcript_start","Transcript Start (bp)"
"1044","transcript_end","Transcript End (bp)"
"1045","transcription_start_site","Transcription Start Site (TSS)"
"1046","transcript_length","Transcript length"
"1047","cds_length","CDS Length"
"1048","cds_start","CDS Start"
"1049","cds_end","CDS End"
"1050","ensembl_exon_id","Ensembl Exon ID"
"1051","exon_chrom_start","Exon Chr Start (bp)"
"1052","exon_chrom_end","Exon Chr End (bp)"
"1053","strand","Strand"
"1054","rank","Exon Rank in Transcript"
"1055","phase","phase"
"1056","cdna_coding_start","cDNA coding start"
"1057","cdna_coding_end","cDNA coding end"
"1058","genomic_coding_start","Genomic coding start"
"1059","genomic_coding_end","Genomic coding end"
"1060","is_constitutive","Constitutive Exon"
